Terminal,RT,Data,Leve,Moderada,Grave,Processo,Rancho outras não conformidades,RT do material não programada,Peso não conforme (dentro do dimensionamento),Dados divergentes/Faltantes,Outros - Leve,Material faltando etiqueda de identificação,Material faltando ficha de emergência,Rancho com temperatura não conforme,Eslinga com comprimento fora do padrão,Lacre faltante / Danificado / Divergente,Contentor/Equip. inadequado,Outros - Moderado,Ausência de eslingas,Eslinga a vencer (LOAD),Químico RT carga comum,Radioativo com identificação inadequada,explosivo com identificação inadequada,Peso não conforme (fora do dimensional),Contentor/Equip. danificado - com risco,Contentor/Equip. sem placa/ilegível,Acondicionamento inadequado,Manilha não conforme,Bobina com avaria (ancoragem),Eslinga danificada,Contentor/Equip. vencido,Vazamento de material/produto,Material não unitizado,Eslinga vencidda,Drops,Eslinga sem etiqueta,Outros - Grave,Embarcação,Tipo de Equipamento,Descrição da Não Conformidade,Parecer da Fiscalização,Equipamento,Apeação,Assinado
Privado,323415145,01/02/2023,Não,Não,Não,,Não,Não,Não,Não,Não,Não,Não,Não,Não,Não,Não,Não,Não,Não,Não,Não,Não,Não,Não,Não,Não,Não,Não,Não,Não,Não,Não,Não,Não,Não,Não,nan,nan, MATERIAL FORA DO PADRÃO. SKID EM QUESTÃO ENCONTRA-SE COM OS CILINDROS TOMBADOS. PARECER FISCALIZAÇÃO Ciente. Peso não conforme (dentro do, Ciente. Peso não conforme (dentro do Rancho outras não conformidades dimensionamento) RT do material não programada Dados divergentes/Faltantes,nan,Sim,Sim
Privado,323445716,01/02/2023,Não,Não,Não,,Não,Não,Não,Não,Não,Não,Não,Não,Não,Não,Não,Não,Não,Não,Não,Não,Não,Não,Não,Não,Não,Não,Não,Não,Não,Não,Não,Não,Não,Não,Não,nan,nan," MATERIAL FORA DO PADRÃO. TUBO EM QUESTÃO ENCONTRA-SE A PLAQUETA DA ESLINGA. PARECER FISCALIZAÇÃO Solicitar carta de correção. Caso contrário recusar, conforme procedimento. Peso não conforme (dentro do"," Solicitar carta de correção. Caso contrário recusar, conforme procedimento. Peso não conforme (dentro do Rancho outras não conformidades dimensionamento) RT do material não programada Dados divergentes/Faltantes",nan,Não,Sim
Privado,323415145,01/02/2023,Não,Não,Não,,Não,Não,Não,Não,Não,Não,Não,Não,Não,Não,Não,Não,Não,Não,Não,Não,Não,Não,Não,Não,Não,Não,Não,Não,Não,Não,Não,Não,Não,Não,Não,nan,nan, MATERIAL FORA DO PADRÃO. SKID EM QUESTÃO ENCONTRA-SE COM OS CILINDROS TOMBADOS. PARECER FISCALIZAÇÃO Ciente. Peso não conforme (dentro do, Ciente. Peso não conforme (dentro do Rancho outras não conformidades dimensionamento) RT do material não programada Dados divergentes/Faltantes,nan,Sim,Sim
Privado,323704832,01/02/2023,Não,Não,Não,,Não,Não,Não,Não,Não,Não,Não,Não,Não,Não,Não,Não,Não,Não,Não,Não,Não,Não,Não,Não,Não,Não,Não,Não,Não,Não,Grave,Não,Não,Não,Não,STARNAV CIRCINUS EMBALAGEM: TIPO DE EQUIP:,nan, PEAÇÃO DOS CILINDROS INCORRETA PARECER FISCALIZAÇÃO Peso não conforme (dentro do, Peso não conforme (dentro do Dados divergentes/Faltantes Contentor/Equip. a vencer (LOAD),nan,Sim,Sim
Privado,323524195,01/02/2023,Não,Não,Sim,Recebimento,Não,Não,Não,Não,Não,Não,Não,Não,Não,Não,Não,Não,Não,Não,Não,Não,Não,Não,Grave,Não,Não,Não,Não,Não,Não,Não,Não,Não,Não,Não,Não,nan,nan, CONTAINER COM A PLACA DE AÇO COM A PORTA AMASSADA," MATERIAL DEVERÁ SER RECEBIDO. PORÉM, ESSA INFORMAÇÃO DEVE SER INCLUÍDA NA OBSERVAÇÃO DA RT.",nan,Não,Sim
Publico,323611130,01/02/2023,Não,Não,Não,,Não,Não,Não,Não,Não,Não,Não,Não,Não,Não,Não,Não,Não,Não,Não,Não,Não,Não,Não,Não,Não,Não,Não,Não,Não,Não,Não,Não,Não,Não,Não,BRAM BREEZE EMBALAGEM: TIPO DE EQUIP:,nan, MATERIAL DESCEU COM A PORTA ABERTA PARECER FISCALIZAÇÃO CIENTE.  COLOCAR LACRE TRIUNFO TRAVANDO PORTA. Peso não conforme (dentro do, CIENTE.  COLOCAR LACRE TRIUNFO TRAVANDO PORTA. Peso não conforme (dentro do Dados divergentes/Faltantes Contentor/Equip. a vencer,nan,Não,Sim
Publico,323454549,01/02/2023,Não,Não,Não,Backload,Não,Não,Não,Não,Não,Não,Não,Não,Não,Não,Não,Não,Não,Não,Não,Não,Não,Não,Grave,Não,Não,Não,Não,Não,Não,Não,Não,Não,Não,Não,Não,FULMAR,nan, DOBRADIÇA DA PORTA QUEBRADA, EMPRESA RESPONSÁVEL PELO MATERIAL DEVE SER COMUNICADA SOBRE O FATO E A INFORMAÇÃO DEVE SER INSERIDA NO CAMPO OBSERVAÇÃO DA RT.,nan,Não,Sim
Privado,323604267,01/02/2023,Não,Não,Não,Recebimento,Não,Não,Não,Não,Não,Não,Não,Não,Não,Não,Não,Não,Não,Não,Não,Não,Não,Não,Não,Grave,Não,Não,Não,Não,Não,Não,Não,Não,Não,Não,Grave,nan,nan,,,nan,Não,Sim
Privado,323704832,01/02/2023,Não,Não,Não,,Não,Não,Não,Não,Não,Não,Não,Não,Não,Não,Não,Não,Não,Não,Não,Não,Não,Não,Não,Não,Não,Não,Não,Não,Não,Não,Grave,Não,Não,Não,Não,STARNAV CIRCINUS EMBALAGEM: TIPO DE EQUIP:,nan, PEAÇÃO DOS CILINDROS INCORRETA PARECER FISCALIZAÇÃO Peso não conforme (dentro do, Peso não conforme (dentro do Dados divergentes/Faltantes Contentor/Equip. a vencer (LOAD),nan,Sim,Sim
Privado,323583078,01/02/2023,Não,Não,Não,,Não,Não,Não,Não,Não,Não,Não,Não,Não,Não,Não,Não,Não,Não,Não,Não,Não,Não,Não,Não,Não,Não,Não,Não,Não,Não,Não,Não,Não,Não,Não,nan,nan, PARECER FISCALIZAÇÃO, Peso não conforme (dentro do Rancho outras não conformidades dimensionamento),TANQUE NT 107,Não,Sim
Privado,323509463,01/02/2023,Não,Não,Não,Backload,Não,Não,Não,Não,Não,Não,Não,Não,Não,Não,Não,Não,Não,Não,Não,Não,Não,Não,Grave,Não,Não,Não,Não,Não,Não,Não,Não,Não,Não,Não,Não,BRAM BREEZE,nan,,,nan,Não,Sim
Privado,323588107,01/02/2023,Não,Não,Não,Expedição,Não,Não,Não,Não,Não,Não,Não,Não,Não,Não,Não,Não,Não,Não,Não,Não,Não,Não,Não,Não,Não,Não,Não,Não,Não,Não,Não,Não,Não,Não,Grave,nan,nan,,,nan,Não,Sim
Privado,323509660,01/02/2023,Não,Não,Não,Backload,Não,Não,Não,Não,Não,Não,Não,Não,Não,Não,Não,Não,Não,Não,Não,Não,Não,Não,Não,Não,Grave,Não,Não,Não,Não,Não,Não,Não,Não,Não,Grave,BRAM BREEZE,nan,,,nan,Não,Sim
Publico,323809684,01/02/2024,Não,Não,Não,,Não,Não,Não,Não,Não,Não,Não,Não,Não,Não,Não,Não,Não,Não,Não,Não,Não,Não,Não,Não,Não,Não,Não,Não,Não,Não,Não,Não,Não,Não,Grave,CBO ARPOADOR EMBALAGEM: TIPO DE EQUIP:,nan, BOLSA DIREITA AMASSADA PARECER FISCALIZAÇÃO Peso não conforme (dentro do Rancho outras não conformidades dimensionamento), Peso não conforme (dentro do Rancho outras não conformidades dimensionamento) RT do material não programada Dados divergentes/Faltantes Material faltando etiqueda de identificação Contentor/Equip. a vencer (LOAD),nan,Não,Sim
Privado,323758598,01/02/2024,Não,Não,Sim,Backload,Não,Não,Não,Não,Não,Não,Não,Não,Não,Não,Não,Não,Não,Não,Não,Não,Não,Não,Não,Não,Não,Não,Não,Não,Não,Não,Não,Não,Não,Não,Grave,BRAM HERO,nan, MATERIAL DESEMBARCOU COM A APEAÇÃO FORA DO PADRÃO PT-BR, DE ACORDO. INSERIR RNCC E A INFORMAÇÃO NA RT E CAMPO DE OBSERVAÇÃO.,nan,Sim,Sim
Publico,323807207,01/02/2024,Não,Não,Não,,Não,Não,Não,Não,Não,Não,Não,Não,Não,Não,Não,Não,Não,Não,Não,Não,Não,Não,Não,Não,Não,Não,Não,Não,Não,Não,Não,Não,Não,Não,Não,SPRINGBOK EMBALAGEM: TIPO DE EQUIP:,nan, MATERIAL SEM TELA DE PROTEÇÃO PARA TRANSPORTE PARECER FISCALIZAÇÃO Peso não conforme (dentro do Rancho outras não conformidades dimensionamento), Peso não conforme (dentro do Rancho outras não conformidades dimensionamento) RT do material não programada Dados divergentes/Faltantes Material faltando etiqueda de identificação Contentor/Equip. a vencer (LOAD),nan,Não,Sim
Publico,323807813,01/02/2024,Não,Não,Não,,Não,Não,Não,Não,Não,Não,Não,Não,Não,Não,Não,Não,Não,Não,Não,Não,Não,Não,Não,Não,Não,Não,Não,Não,Não,Não,Não,Não,Não,Não,Não,SPRINGBOK EMBALAGEM: TIPO DE EQUIP:,nan, ESLINGA COM TAMANHO FORA DO PADRÃO (GRANDE) PARECER FISCALIZAÇÃO Peso não conforme (dentro do Rancho outras não conformidades dimensionamento), Peso não conforme (dentro do Rancho outras não conformidades dimensionamento) RT do material não programada Dados divergentes/Faltantes Material faltando etiqueda de identificação Contentor/Equip. a vencer (LOAD),nan,Não,Sim
Privado,323680359,01/02/2024,Não,Não,Não,,Não,Não,Não,Não,Não,Não,Não,Não,Não,Não,Não,Não,Não,Não,Não,Não,Não,Não,Não,Não,Não,Não,Não,Não,Não,Não,Não,Não,Não,Não,Não,,,,,NA,Não,Sim
Publico,323771357,01/02/2024,Não,Não,Não,,Não,Não,Não,Não,Não,Não,Não,Não,Não,Não,Não,Não,Não,Não,Não,Não,Não,Não,Não,Não,Não,Não,Não,Não,Não,Não,Não,Não,Não,Não,Não,nan,nan, CONTAINER COM VAZAMENTO OLEOSO PARECER FISCALIZAÇÃO Peso não conforme (dentro do dimensionamento), Peso não conforme (dentro do dimensionamento) Dados divergentes/Faltantes Contentor/Equip. a vencer (LOAD),nan,Não,Sim
Privado,323759532,01/02/2024,Não,Não,Sim,Backload,Não,Não,Não,Não,Não,Não,Não,Não,Não,Não,Não,Não,Não,Não,Não,Não,Não,Não,Não,Não,Não,Não,Não,Não,Não,Não,Não,Não,Não,Não,Grave,BRAM HERO,nan, MATERIAL DESEMBARCOU COM A APEAÇÃO FORA DO PADRÃO PT-BR, DE ACORDO. INSERIR RNCC E A INFORMAÇÃO NA RT E CAMPO DE OBSERVAÇÃO.,nan,Sim,Sim
Publico,323676850,01/02/2024,Não,Não,Não,Recebimento,Não,Não,Não,Não,Não,Não,Não,Não,Não,Não,Não,Não,Não,Não,Não,Não,Não,Não,Não,Não,Não,Não,Não,Não,Não,Não,Não,Não,Não,Não,Não,nan,nan, MATERIAL DESEMBARCOU COM A TAMPA DO REFIL DANIFICADA PARECER FISCALIZAÇÃO Peso não conforme (dentro do Rancho outras não conformidades dimensionamento), Peso não conforme (dentro do Rancho outras não conformidades dimensionamento) RT do material não programada Dados divergentes/Faltantes Material faltando etiqueda de identificação Contentor/Equip. a vencer (LOAD),nan,Não,Sim
Privado,323525160,01/02/2024,Não,Não,Não,,Não,Não,Não,Não,Não,Não,Não,Não,Não,Não,Não,Não,Não,Não,Não,Não,Não,Não,Não,Não,Não,Não,Não,Não,Não,Não,Não,Não,Não,Não,Não,nan,nan, MATERIAL FORA DO PADRÃO. O MESMO DESEMBARCOU COM A PLAQUETA DA ESLINGA VENCIDA. PARECER FISCALIZAÇÃO Peso não conforme (dentro do Rancho outras não conformidades, Peso não conforme (dentro do Rancho outras não conformidades dimensionamento) RT do material não programada Dados divergentes/Faltantes,nan,Não,Sim
Publico,323800312,01/02/2024,Não,Não,Não,,Não,Não,Não,Não,Não,Não,Não,Não,Não,Não,Não,Não,Não,Não,Não,Não,Não,Não,Não,Não,Não,Não,Não,Não,Grave,Não,Não,Não,Não,Não,Não,nan,CONTAINER DNVU SMC 009, BARRA DE PROTEÇÃO DANIFICADA PARECER FISCALIZAÇÃO Peso não conforme (dentro do dimensionamento), Peso não conforme (dentro do dimensionamento) Dados divergentes/Faltantes Contentor/Equip. a vencer (LOAD),CONTAINER DNVU SMC 009,Não,Sim
Privado,323745309,01/02/2024,Não,Não,Sim,Backload,Não,Não,Não,Não,Não,Não,Não,Não,Não,Não,Não,Não,Não,Não,Não,Não,Não,Não,Não,Não,Não,Não,Não,Não,Não,Não,Não,Não,Não,Não,Grave,S TARNAV CIRCINUS,nan, MATERIAL DESEMBARCOU COM O CANTO IMO," CASO TENHA DESEMBARCADO COM CANTO ISSO OBSTRUÍDO, INFOMAR AO CLIENTE SOBRE O DESVIO.",nan,Não,Sim
Publico,323827591,01/02/2024,Não,Não,Não,Recebimento,Não,Não,Não,Não,Não,Não,Não,Não,Não,Não,Não,Não,Não,Não,Não,Não,Não,Não,Não,Não,Não,Não,Não,Não,Não,Não,Não,Não,Não,Não,Não,CBO RENATA EMBALAGEM: TIPO DE EQUIP:,nan, MATERIAL DESEMBARCOU SEM UMA DAS BARRAS DE PROTEÇÃO PARECER FISCALIZAÇÃO Peso não conforme (dentro do Rancho outras não conformidades dimensionamento), Peso não conforme (dentro do Rancho outras não conformidades dimensionamento) RT do material não programada Dados divergentes/Faltantes Material faltando etiqueda de identificação Contentor/Equip. a vencer (LOAD),nan,Não,Sim
Privado,323763004,01/02/2024,Não,Não,Não,,Não,Não,Não,Não,Não,Não,Não,Não,Não,Não,Não,Não,Não,Não,Não,Não,Não,Não,Não,Não,Não,Não,Não,Não,Não,Não,Não,Não,Não,Não,Não,CBO OCEANA EMBALAGEM: TIPO DE EQUIP:,nan, BARRA LATERAL AMASSADA PARECER FISCALIZAÇÃO Peso não conforme (dentro do, Peso não conforme (dentro do Dados divergentes/Faltantes Contentor/Equip. a vencer,CONTENTOR 5839 ESL 29080,Não,Sim
Privado,323784425,01/02/2024,Não,Não,Não,,Não,Não,Não,Não,Não,Não,Não,Não,Não,Não,Não,Não,Não,Não,Não,Não,Não,Não,Não,Não,Não,Não,Não,Não,Não,Não,Não,Não,Não,Não,Não,THOR SUPPLIER EMBALAGEM: TIPO DE EQUIP:,nan, MATERIAL FORA DO PADRÃO. A DESCRIÇÃO CORRETA DO MATERIAL É RF 02/19436-4 PARECER FISCALIZAÇÃO Enviar para Setor de Pré-analise para que seja solicitado o Reajuste da RT., Enviar para Setor de Pré-analise para que seja solicitado o Reajuste da RT. Peso não conforme (dentro do Rancho outras não conformidades dimensionamento) RT do material não programada Dados divergentes/Faltantes,nan,Não,Sim
Publico,323821805,01/02/2024,Não,Não,Não,,Não,Não,Não,Não,Não,Não,Não,Não,Não,Não,Não,Não,Não,Não,Não,Não,Não,Não,Não,Não,Não,Não,Não,Não,Não,Não,Grave,Não,Não,Não,Não,nan,nan, PARECER FISCALIZAÇÃO ACIONAR O SMS PARA ABERTURA DE DESVIO Peso não conforme (dentro do dimensionamento), ACIONAR O SMS PARA ABERTURA DE DESVIO Peso não conforme (dentro do dimensionamento) Dados divergentes/Faltantes,nan,Não,Sim
Publico,323790807,01/02/2024,Não,Não,Não,,Não,Não,Não,Não,Não,Não,Não,Não,Não,Não,Não,Não,Não,Não,Não,Não,Não,Não,Não,Não,Não,Não,Não,Não,Não,Não,Não,Não,Não,Não,Não,EMBALAGEM: TIPO DE EQUIP:,container 10'open top, TRAVA DA TAMPA DANIFICADA - FORA DO PADRÃO PETROBRAS PARECER FISCALIZAÇÃO Peso não conforme (dentro do Rancho outras não conformidades dimensionamento), Peso não conforme (dentro do Rancho outras não conformidades dimensionamento) RT do material não programada Dados divergentes/Faltantes Material faltando etiqueda de identificação Contentor/Equip. a vencer (LOAD),nan,Não,Sim
Publico,323849674,01/02/2024,Não,Não,Não,,Não,Não,Não,Não,Não,Não,Não,Não,Não,Não,Não,Não,Não,Não,Não,Não,Não,Não,Não,Não,Não,Não,Não,Não,Não,Não,Não,Não,Não,Não,Não,BARU ANTARES EMBALAGEM: TIPO DE EQUIP:,nan, CARGA INTERNA EXCEDE A ALTURA LIMITE DA CESTA PARECER FISCALIZAÇÃO Peso não conforme (dentro do Dados divergentes/Faltantes, Peso não conforme (dentro do Dados divergentes/Faltantes Contentor/Equip. a vencer (LOAD) Lacre faltante / Danificado /,NHJU 1400023 CESTA 14 M,Não,Sim
Privado,323758598,01/02/2024,Não,Não,Sim,Backload,Não,Não,Não,Não,Não,Não,Não,Não,Não,Não,Não,Não,Não,Não,Não,Não,Não,Não,Não,Não,Não,Não,Não,Não,Não,Não,Não,Não,Não,Não,Grave,BRAM HERO,nan, MATERIAL DESEMBARCOU COM A APEAÇÃO FORA DO PADRÃO PT-BR, DE ACORDO. INSERIR RNCC E A INFORMAÇÃO NA RT E CAMPO DE OBSERVAÇÃO.,nan,Sim,Sim
Publico,323745953,01/02/2024,Não,Não,Não,,Não,Não,Não,Não,Não,Não,Não,Não,Não,Não,Não,Não,Não,Não,Não,Não,Não,Não,Não,Não,Não,Não,Não,Não,Não,Não,Não,Não,Não,Não,Grave,BRUCE KAY EMBALAGEM: TIPO DE EQUIP:,CARRETEL IN RISE 2600, GRADE DE CONTENÇÃO AMASSADA PARECER FISCALIZAÇÃO Peso não conforme (dentro do Rancho outras não conformidades dimensionamento), Peso não conforme (dentro do Rancho outras não conformidades dimensionamento) RT do material não programada Dados divergentes/Faltantes Material faltando etiqueda de identificação Contentor/Equip. a vencer (LOAD),nan,Não,Sim
Privado,323835816,01/02/2024,Não,Não,Não,,Não,Não,Não,Não,Não,Não,Não,Não,Não,Não,Não,Não,Não,Não,Não,Não,Não,Não,Não,Não,Não,Não,Não,Não,Não,Não,Não,Não,Não,Não,Não,nan,nan, ESLINGA COM COMPRIMENTO FODA DO PADRÃO PARECER FISCALIZAÇÃO Peso não conforme (dentro do dimensionamento), Peso não conforme (dentro do dimensionamento) Dados divergentes/Faltantes,nan,Não,Sim
Privado,323816476,01/02/2024,Não,Não,Não,,Não,Não,Não,Não,Não,Não,Não,Não,Não,Não,Não,Não,Não,Não,Não,Não,Não,Não,Não,Não,Não,Não,Não,Não,Não,Não,Não,Não,Não,Não,Não,nan,nan, PARECER FISCALIZAÇÃO Peso não conforme (dentro do Rancho outras não conformidades dimensionamento), Peso não conforme (dentro do Rancho outras não conformidades dimensionamento) RT do material não programada Dados divergentes/Faltantes Material faltando etiqueda de identificação Contentor/Equip. a vencer (LOAD),nan,Não,Sim
Privado,323704832,01/02/2024,Não,Não,Não,,Não,Não,Não,Não,Não,Não,Não,Não,Não,Não,Não,Não,Não,Não,Não,Não,Não,Não,Não,Não,Não,Não,Não,Não,Não,Não,Não,Não,Não,Não,Não,nan,nan, PARECER FISCALIZAÇÃO Peso não conforme (dentro do Rancho outras não conformidades dimensionamento), Peso não conforme (dentro do Rancho outras não conformidades dimensionamento) RT do material não programada Dados divergentes/Faltantes,nan,Não,Sim
Publico,323732867,01/02/2024,Não,Não,Não,,Não,Não,Não,Não,Não,Não,Não,Não,Não,Não,Não,Não,Não,Não,Não,Não,Não,Não,Não,Não,Não,Não,Não,Não,Não,Não,Não,Não,Não,Não,Não,TALHA MAR,nan, CARGA DESEMBARCOU SEM LACRE E FOI PROVIDENCIADO UM LACRE TRIUNFO NUMERO : 0001482,,nan,Não,Sim
Publico,323796117,01/02/2024,Não,Não,Não,,Não,Não,Não,Não,Não,Não,Não,Não,Não,Não,Não,Não,Não,Não,Não,Não,Não,Não,Não,Não,Não,Não,Não,Não,Não,Não,Não,Não,Não,Não,Não,nan,nan," SEM PLAQUETA DE VALIDADE PARECER FISCALIZAÇÃO NO PORTO, A MOVIMENTAÇÃO SERÁ APENAS COM EMPILHADEIRA Peso não conforme (dentro do Rancho outras não conformidades"," NO PORTO, A MOVIMENTAÇÃO SERÁ APENAS COM EMPILHADEIRA Peso não conforme (dentro do Rancho outras não conformidades dimensionamento)",nan,Não,Sim
Privado,323704832,01/02/2024,Não,Não,Não,,Não,Não,Não,Não,Não,Não,Não,Não,Não,Não,Não,Não,Não,Não,Não,Não,Não,Não,Não,Não,Não,Não,Não,Não,Não,Não,Não,Não,Não,Não,Não,nan,nan, PARECER FISCALIZAÇÃO Peso não conforme (dentro do Rancho outras não conformidades dimensionamento), Peso não conforme (dentro do Rancho outras não conformidades dimensionamento) RT do material não programada Dados divergentes/Faltantes,nan,Não,Sim
Privado,323765075,01/02/2024,Não,Não,Não,Recebimento,Não,Não,Não,Não,Não,Não,Não,Não,Não,Não,Não,Não,Não,Não,Não,Não,Não,Não,Não,Não,Não,Não,Não,Não,Não,Não,Não,Não,Não,Não,Não,nan,nan, MATERIAL DESEMBARCOU SEM PLAQUETA DE IDENTIFICAÇÃO PARECER FISCALIZAÇÃO CIENTE. SOLICITAR FORNECEDOR COLETA Peso não conforme (dentro do dimensionamento), CIENTE. SOLICITAR FORNECEDOR COLETA Peso não conforme (dentro do dimensionamento) Dados divergentes/Faltantes,nan,Não,Sim
Publico,323699877,01/02/2024,Não,Não,Não,,Não,Não,Não,Não,Não,Não,Não,Não,Não,Não,Não,Não,Não,Não,Não,Não,Não,Não,Não,Não,Não,Não,Não,Não,Não,Não,Não,Não,Não,Não,Não,nan,nan, PARECER FISCALIZAÇÃO Peso não conforme (dentro do dimensionamento), Peso não conforme (dentro do dimensionamento) Dados divergentes/Faltantes Contentor/Equip. a vencer (LOAD),nan,Não,Sim
Publico,323525160,01/02/2024,Não,Não,Não,,Não,Não,Não,Não,Não,Não,Não,Não,Não,Não,Não,Não,Não,Não,Não,Não,Não,Não,Não,Não,Não,Não,Não,Não,Não,Não,Não,Não,Não,Não,Não,nan,nan, MATERIAL FORA DO PADRÃO. O MESMO DESEMBARCOU COM A PLAQUETA DA ESLINGA VENCIDA. PARECER FISCALIZAÇÃO Peso não conforme (dentro do Rancho outras não conformidades, Peso não conforme (dentro do Rancho outras não conformidades dimensionamento) RT do material não programada Dados divergentes/Faltantes,nan,Não,Sim
Publico,323722930,01/02/2024,Não,Não,Não,Backload,Não,Não,Não,Não,Não,Não,Não,Não,Não,Não,Não,Não,Não,Não,Não,Não,Não,Não,Não,Não,Grave,Não,Não,Não,Não,Não,Não,Não,Não,Não,Não,KUDU,nan,, ACIONAR O SMS PARA ABERTURA DE DESVIO,nan,Não,Sim
Publico,323826804,01/02/2024,Não,Não,Não,Backload,Não,Não,Não,Não,Não,Não,Não,Não,Não,Não,Não,Não,Não,Não,Moderada,Não,Não,Não,Não,Não,Não,Não,Não,Não,Não,Não,Não,Não,Não,Não,Não,nan,nan, MATERIAL INTERNO ULTRAPASSA O CONTAINER PARECER FISCALIZAÇÃO Peso não conforme (dentro do dimensionamento), Peso não conforme (dentro do dimensionamento) Dados divergentes/Faltantes Contentor/Equip. a vencer (LOAD),nan,Não,Sim
Privado,323818086,01/02/2024,Não,Não,Não,,Não,Não,Não,Não,Não,Não,Não,Não,Não,Não,Não,Não,Não,Não,Não,Não,Não,Não,Não,Não,Não,Não,Não,Não,Não,Não,Não,Não,Não,Não,Não,SANTOS  SAILOR,nan, SKID COM APEAÇÃO FORA DO PADRÃO PARECER FISCALIZAÇÃO Peso não conforme (dentro do dimensionamento), Peso não conforme (dentro do dimensionamento) Dados divergentes/Faltantes,nan,Sim,Sim
Privado,323759532,01/02/2024,Não,Não,Sim,Backload,Não,Não,Não,Não,Não,Não,Não,Não,Não,Não,Não,Não,Não,Não,Não,Não,Não,Não,Não,Não,Não,Não,Não,Não,Não,Não,Não,Não,Não,Não,Grave,BRAM HERO,nan, MATERIAL DESEMBARCOU COM A APEAÇÃO FORA DO PADRÃO PT-BR, DE ACORDO. INSERIR RNCC E A INFORMAÇÃO NA RT E CAMPO DE OBSERVAÇÃO.,nan,Sim,Sim
Privado,323827205,01/02/2024,Não,Não,Sim,Backload,Não,Não,Não,Não,Não,Não,Não,Não,Não,Não,Não,Não,Não,Não,Não,Não,Não,Não,Não,Não,Não,Não,Não,Não,Não,Não,Não,Não,Não,Não,Grave,FULMAR,nan, MATERIAL DESEMBARCOU COM O CANTO LISO, CONTAINER NÃO PODERÁ REEMBARCAR DEVIDO CANTO ISO. SOLICITAR COLETA IMEDIATA JUNTO AO FORNECEDOR.,nan,Não,Sim
Publico,323816476,01/02/2024,Não,Não,Não,,Não,Não,Não,Não,Não,Não,Não,Não,Não,Não,Não,Não,Não,Não,Não,Não,Não,Não,Não,Não,Não,Não,Não,Não,Não,Não,Não,Não,Não,Não,Não,nan,nan, PARECER FISCALIZAÇÃO Peso não conforme (dentro do Rancho outras não conformidades dimensionamento), Peso não conforme (dentro do Rancho outras não conformidades dimensionamento) RT do material não programada Dados divergentes/Faltantes Material faltando etiqueda de identificação Contentor/Equip. a vencer (LOAD),nan,Não,Sim
Privado,323792308,01/02/2024,Não,Não,Não,,Não,Não,Não,Não,Não,Não,Não,Não,Não,Não,Não,Não,Não,Não,Não,Não,Não,Não,Não,Não,Não,Não,Não,Não,Não,Não,Não,Não,Não,Não,Não,PETREL EMBALAGEM: TIPO DE EQUIP:,nan, MATERIAL COM BOLSA DANIFICADA PARECER FISCALIZAÇÃO Peso não conforme (dentro do, Peso não conforme (dentro do Dados divergentes/Faltantes Contentor/Equip. a vencer,CONT.SER0000049 ESL.00118 ÁGUA,Não,Sim
Publico,323793609,01/02/2024,Não,Não,Não,,Não,Não,Não,Não,Não,Não,Não,Não,Não,Não,Não,Não,Não,Não,Não,Não,Não,Não,Não,Não,Não,Não,Não,Não,Não,Não,Não,Não,Não,Não,Não,SANTOS SAILOR EMBALAGEM: TIPO DE EQUIP:,nan, ESLINGA COM TAMANHO FORA DO PADRÃO (GRANDE) PARECER FISCALIZAÇÃO Peso não conforme (dentro do Rancho outras não conformidades dimensionamento), Peso não conforme (dentro do Rancho outras não conformidades dimensionamento) RT do material não programada Dados divergentes/Faltantes Material faltando etiqueda de identificação Contentor/Equip. a vencer (LOAD),CONTAINER H550,Não,Sim
Privado,323720362,01/02/2024,Não,Não,Não,,Não,Não,Não,Não,Não,Não,Não,Não,Não,Não,Não,Não,Não,Não,Não,Não,Não,Não,Não,Não,Não,Não,Não,Não,Não,Não,Não,Não,Não,Não,Não,nan,nan, PARECER FISCALIZAÇÃO Peso não conforme (dentro do Rancho outras não conformidades dimensionamento), Peso não conforme (dentro do Rancho outras não conformidades dimensionamento) RT do material não programada Dados divergentes/Faltantes,nan,Não,Sim
Privado,323778965,01/02/2024,Não,Não,Não,,Não,Não,Não,Não,Não,Não,Não,Não,Não,Não,Não,Não,Não,Não,Não,Não,Não,Não,Não,Não,Não,Não,Não,Não,Não,Não,Não,Não,Não,Não,Não,BRAM BRASIL EMBALAGEM: TIPO DE EQUIP:,nan, MATERIAL FORA DO PADRÃO. PARECER FISCALIZAÇÃO Peso não conforme (dentro do Rancho outras não conformidades, Peso não conforme (dentro do Rancho outras não conformidades dimensionamento) RT do material não programada Dados divergentes/Faltantes,nan,Não,Sim
Publico,323780163,01/02/2024,Não,Não,Não,Backload,Não,Não,Não,Não,Não,Não,Não,Não,Não,Não,Não,Não,Não,Não,Moderada,Não,Não,Não,Não,Não,Não,Não,Não,Não,Não,Não,Não,Não,Não,Não,Não,SPRINGBOK EMBALAGEM: TIPO DE EQUIP:,BAG, ALÇA CURTA DO BAG PARECER FISCALIZAÇÃO Peso não conforme (dentro do Rancho outras não conformidades dimensionamento), Peso não conforme (dentro do Rancho outras não conformidades dimensionamento) RT do material não programada Dados divergentes/Faltantes Material faltando etiqueda de identificação Contentor/Equip. a vencer (LOAD),-,Não,Sim
Publico,323803208,01/02/2024,Não,Não,Não,,Não,Não,Não,Não,Não,Não,Não,Não,Não,Não,Não,Não,Não,Não,Não,Não,Não,Não,Não,Não,Não,Não,Não,Não,Não,Não,Não,Não,Não,Não,Não,nan,nan," SEM PLAQUETA DE VALIDADE PARECER FISCALIZAÇÃO NO PORTO, A MOVIMENTAÇÃO SERÁ APENAS COM EMPILHADEIRA Peso não conforme (dentro do Rancho outras não conformidades"," NO PORTO, A MOVIMENTAÇÃO SERÁ APENAS COM EMPILHADEIRA Peso não conforme (dentro do Rancho outras não conformidades dimensionamento)",nan,Não,Sim
Privado,323818086,01/02/2024,Não,Não,Não,,Não,Não,Não,Não,Não,Não,Não,Não,Não,Não,Não,Não,Não,Não,Não,Não,Não,Não,Não,Não,Não,Não,Não,Não,Não,Não,Não,Não,Não,Não,Não,SANTOS  SAILOR,nan, SKID COM APEAÇÃO FORA DO PADRÃO PARECER FISCALIZAÇÃO Peso não conforme (dentro do dimensionamento), Peso não conforme (dentro do dimensionamento) Dados divergentes/Faltantes,nan,Sim,Sim
Privado,323802910,01/02/2024,Não,Não,Não,,Não,Não,Não,Não,Não,Não,Não,Não,Não,Não,Não,Não,Não,Não,Não,Não,Não,Não,Não,Não,Não,Não,Não,Não,Não,Não,Não,Não,Não,Não,Não,nan,nan, MATERIAL FORA DO PADRÃO. PARECER FISCALIZAÇÃO Peso não conforme (dentro do Rancho outras não conformidades, Peso não conforme (dentro do Rancho outras não conformidades dimensionamento) RT do material não programada Dados divergentes/Faltantes,nan,Não,Sim
Privado,323802910,01/02/2024,Não,Não,Não,,Não,Não,Não,Não,Não,Não,Não,Não,Não,Não,Não,Não,Não,Não,Não,Não,Não,Não,Não,Não,Não,Não,Não,Não,Não,Não,Não,Não,Não,Não,Não,nan,nan, MATERIAL FORA DO PADRÃO. PARECER FISCALIZAÇÃO Peso não conforme (dentro do Rancho outras não conformidades, Peso não conforme (dentro do Rancho outras não conformidades dimensionamento) RT do material não programada Dados divergentes/Faltantes,nan,Não,Sim
Publico,323797257,01/02/2024,Não,Não,Não,,Não,Não,Não,Não,Não,Não,Não,Não,Não,Não,Não,Não,Não,Não,Não,Não,Não,Não,Não,Não,Não,Não,Não,Não,Não,Não,Não,Não,Não,Não,Não,SPRINGBOK EMBALAGEM: TIPO DE EQUIP:,nan, ESLINGA COM TAMANHO FORA DO PADRÃO (GRANDE) PARECER FISCALIZAÇÃO FAZER A AMARRAÇÃO DA ESLINGA Peso não conforme (dentro do Rancho outras não conformidades dimensionamento), FAZER A AMARRAÇÃO DA ESLINGA Peso não conforme (dentro do Rancho outras não conformidades dimensionamento) RT do material não programada Dados divergentes/Faltantes,POTÊNCIA HIDRÁULICA,Não,Sim
Privado,323676850,01/02/2024,Não,Não,Não,Recebimento,Não,Não,Não,Não,Não,Não,Não,Não,Não,Não,Não,Não,Não,Não,Não,Não,Não,Não,Não,Não,Não,Não,Não,Não,Não,Não,Não,Não,Não,Não,Não,nan,nan, MATERIAL DESEMBARCOU COM A TAMPA DO REFIL DANIFICADA PARECER FISCALIZAÇÃO Peso não conforme (dentro do Rancho outras não conformidades dimensionamento), Peso não conforme (dentro do Rancho outras não conformidades dimensionamento) RT do material não programada Dados divergentes/Faltantes Material faltando etiqueda de identificação Contentor/Equip. a vencer (LOAD),nan,Não,Sim
Publico,323868915,01/02/2024,Não,Não,Não,,Não,Não,Não,Não,Não,Não,Não,Não,Não,Não,Não,Não,Não,Não,Não,Não,Não,Não,Não,Não,Não,Não,Não,Não,Não,Não,Não,Não,Não,Não,Não,nan,nan, MATERIAL  COM ESLINGA VENCIDA PARECER FISCALIZAÇÃO Peso não conforme (dentro do dimensionamento), Peso não conforme (dentro do dimensionamento) Dados divergentes/Faltantes Contentor/Equip. a vencer (LOAD),nan,Não,Sim
Publico,323877806,01/02/2024,Não,Não,Não,,Não,Não,Não,Não,Não,Não,Não,Não,Não,Não,Não,Não,Não,Não,Não,Não,Não,Não,Não,Não,Não,Não,Não,Não,Não,Não,Não,Não,Não,Não,Não,nan,nan,,,nan,Não,Sim
Publico,323890173,01/02/2024,Não,Não,Não,Backload,Não,Não,Não,Não,Não,Não,Não,Não,Não,Não,Não,Não,Não,Não,Não,Não,Não,Não,Não,Não,Não,Não,Não,Não,Não,Não,Não,Não,Não,Não,Grave,BRAM BUCCANER,nan,,,nan,Não,Sim
Publico,323805350,01/02/2024,Não,Não,Não,,Não,Não,Não,Não,Não,Não,Não,Não,Não,Não,Não,Não,Não,Não,Não,Não,Não,Não,Não,Não,Não,Não,Não,Não,Não,Não,Não,Não,Não,Não,Não,ARVORE DE NATAL,nan,, Peso não conforme (dentro do Rancho outras não conformidades Outros - Leve dimensionamento) RT do material não programada Dados divergentes/Faltantes Material faltando etiqueda de identificação Contentor/Equip. a vencer (LOAD) Ausência de eslingas,nan,Não,Sim
Privado,323614149,01/02/2024,Não,Não,Não,Backload,Não,Não,Não,Não,Não,Não,Não,Não,Não,Não,Não,Não,Não,Não,Não,Não,Não,Não,Não,Não,Grave,Não,Não,Não,Não,Não,Não,Não,Não,Não,Não,STARNAV ANDROMEDA,nan,,,nan,Não,Sim
Privado,323708424,01/02/2024,Não,Não,Não,,Não,Não,Não,Não,Não,Não,Não,Não,Não,Não,Não,Não,Não,Não,Não,Não,Não,Não,Não,Não,Não,Não,Não,Não,Não,Não,Não,Não,Não,Não,Não,CAMPOS CHALLENGER EMBALAGEM: TIPO DE EQUIP:,nan, PORTA AVARIADA PARECER FISCALIZAÇÃO Peso não conforme (dentro do Rancho outras não conformidades dimensionamento), Peso não conforme (dentro do Rancho outras não conformidades dimensionamento) RT do material não programada Dados divergentes/Faltantes Material faltando etiqueda de identificação Contentor/Equip. a vencer (LOAD),UHP-BHJ-B010,Não,Sim
Publico,323749345,01/02/2024,Não,Não,Não,,Não,Não,Não,Não,Não,Não,Não,Não,Não,Não,Não,Não,Não,Não,Não,Não,Não,Não,Não,Não,Não,Não,Não,Não,Não,Não,Não,Não,Não,Não,Não,nan,nan, PARECER FISCALIZAÇÃO Peso não conforme (dentro do Rancho outras não conformidades dimensionamento), Peso não conforme (dentro do Rancho outras não conformidades dimensionamento) RT do material não programada Dados divergentes/Faltantes Material faltando etiqueda de identificação Contentor/Equip. a vencer (LOAD),nan,Não,Sim
Publico,323690513,01/02/2024,Não,Não,Não,,Não,Não,Não,Não,Não,Não,Não,Não,Não,Não,Não,Não,Não,Não,Não,Não,Não,Não,Não,Não,Não,Não,Não,Não,Não,Não,Não,Não,Não,Não,Não,nan,nan, PARECER FISCALIZAÇÃO U.M. E RETORNAR ANTES DO VENCIMENTO Peso não conforme (dentro do Rancho outras não conformidades, U.M. E RETORNAR ANTES DO VENCIMENTO Peso não conforme (dentro do Rancho outras não conformidades dimensionamento),nan,Não,Sim
Privado,323614149,01/02/2024,Não,Não,Não,Backload,Não,Não,Não,Não,Não,Não,Não,Não,Não,Não,Não,Não,Não,Não,Não,Não,Não,Não,Não,Não,Grave,Não,Não,Não,Não,Não,Não,Não,Não,Não,Não,STARNAV ANDROMEDA,nan,,,nan,Não,Sim
Publico,323728423,01/02/2024,Não,Não,Sim,Backload,Não,Não,Não,Não,Não,Não,Não,Não,Não,Não,Não,Não,Não,Não,Não,Não,Não,Não,Não,Não,Não,Não,Não,Não,Não,Não,Não,Não,Não,Não,Grave,CAMPOS CARRIER,nan," CONFORME ALINHAMENTO COM A FISCALIZAÇÃO, O RESÍDUO PIROTÉCNICO PERMANECERÁ SOBRE CARRETA PLANO B",,nan,Não,Sim
Privado,323614645,01/02/2024,Não,Não,Não,Backload,Não,Não,Não,Não,Não,Não,Não,Não,Não,Não,Não,Não,Não,Não,Não,Não,Não,Não,Não,Não,Grave,Não,Não,Não,Não,Não,Não,Não,Não,Não,Não,STARNAV CYGNUS,nan,,,nan,Não,Sim
Publico,323708424,01/02/2024,Não,Não,Não,,Não,Não,Não,Não,Não,Não,Não,Não,Não,Não,Não,Não,Não,Não,Não,Não,Não,Não,Não,Não,Não,Não,Não,Não,Não,Não,Não,Não,Não,Não,Não,CAMPOS CHALLENGER EMBALAGEM: TIPO DE EQUIP:,nan, PORTA AVARIADA PARECER FISCALIZAÇÃO Peso não conforme (dentro do Rancho outras não conformidades dimensionamento), Peso não conforme (dentro do Rancho outras não conformidades dimensionamento) RT do material não programada Dados divergentes/Faltantes Material faltando etiqueda de identificação Contentor/Equip. a vencer (LOAD),UHP-BHJ-B010,Não,Sim
Publico,323699456,01/02/2024,Não,Não,Não,,Não,Não,Não,Não,Não,Não,Não,Não,Não,Não,Não,Não,Não,Não,Não,Não,Não,Não,Não,Não,Não,Não,Não,Não,Não,Não,Não,Não,Não,Não,Grave,STARNAV CIRCINUS EMBALAGEM: TIPO DE EQUIP:,COMPRESSOR, O COMPRESSOR APRESENTOU AVARIAS NAS PORTAS E MAÇANETA PARECER FISCALIZAÇÃO Peso não conforme (dentro do Rancho outras não conformidades dimensionamento), Peso não conforme (dentro do Rancho outras não conformidades dimensionamento) RT do material não programada Dados divergentes/Faltantes Material faltando etiqueda de identificação Contentor/Equip. a vencer (LOAD),nan,Não,Sim
Publico,323636921,01/02/2024,Não,Sim,Não,Backload,Não,Não,Não,Não,Não,Não,Não,Não,Não,Moderada,Não,Não,Não,Não,Não,Não,Não,Não,Não,Não,Não,Não,Não,Não,Não,Não,Não,Não,Não,Não,Não,STARNAVE CETAURUS,nan, MATERIAL DESEMBARCOU SEM LACRE. MATERIAL SE ENCONTRA COM LACRE TRIUNFO (000712),,nan,Não,Sim
Publico,323738786,01/02/2024,Não,Não,Não,,Não,Não,Não,Não,Não,Não,Não,Não,Não,Não,Não,Não,Não,Não,Não,Não,Não,Não,Não,Não,Não,Não,Não,Não,Não,Não,Não,Não,Não,Não,Não,nan,nan, PARECER FISCALIZAÇÃO CARGA APTA Peso não conforme (dentro do Rancho outras não conformidades, CARGA APTA Peso não conforme (dentro do Rancho outras não conformidades dimensionamento),nan,Não,Sim
Privado,323732786,01/02/2024,Não,Não,Não,,Não,Não,Não,Não,Não,Não,Não,Não,Não,Não,Não,Não,Não,Não,Não,Não,Não,Não,Não,Não,Não,Não,Não,Não,Não,Não,Não,Não,Não,Não,Não,nan,nan, PARECER FISCALIZAÇÃO Peso não conforme (dentro do Rancho outras não conformidades dimensionamento), Peso não conforme (dentro do Rancho outras não conformidades dimensionamento) RT do material não programada Dados divergentes/Faltantes,OT20 SN H550,Não,Sim
Publico,323702369,01/02/2024,Não,Não,Sim,Load,Não,Não,Não,Não,Não,Não,Não,Não,Não,Não,Não,Não,Não,Não,Não,Não,Não,Não,Não,Não,Não,Não,Não,Não,Não,Não,Não,Não,Não,Não,Grave,nan,nan," DURANTE O DESCARREGAMENTO DA FRENTE 603771, MANCHUR, FOI IDENTIFICADO QUE OS FUEIROS (4un) DAS TAMPAS, ESTÃO PRESOS AO EQUIPAMENTO UNIDADE CRIOGÊNICA UN-05 1226322 RT 323702369 1/1 .EM AVALIAÇÃO CONJUNTA FEITA PELA OPERADORA, SMS  E FISCALIZAÇÃO BR, FOI CONSTATADO QUE EXISTE GRANDE RISCO DE AVARIAR OS FUEIROS E CONSEQUENTEMENTE , POR EM RISCO NOSSA OPERAÇÃO.", Ciente e de acordo. Gentileza retornar ao cliente com as fotos e justificativa da recusa do material.,nan,Não,Sim
Publico,323692871,01/02/2024,Não,Não,Não,Recebimento,Não,Não,Não,Não,Não,Não,Não,Não,Não,Não,Não,Não,Não,Não,Não,Não,Não,Não,Não,Não,Não,Não,Não,Não,Não,Não,Não,Não,Não,Não,Não,,,, Peso não conforme (dentro do Rancho outras não conformidades RT do material não programada Dados divergentes/Faltantes,NA,Não,Sim
Privado,323614645,01/02/2024,Não,Não,Não,Backload,Não,Não,Não,Não,Não,Não,Não,Não,Não,Não,Não,Não,Não,Não,Não,Não,Não,Não,Não,Não,Grave,Não,Não,Não,Não,Não,Não,Não,Não,Não,Não,STARNAV CYGNUS,nan,,,nan,Não,Sim
Publico,323720569,01/02/2024,Não,Não,Não,,Não,Não,Não,Não,Não,Não,Não,Não,Não,Não,Não,Não,Não,Não,Não,Não,Não,Não,Não,Não,Não,Não,Não,Não,Não,Não,Não,Não,Não,Não,Não,BRAM BOA VISTA,nan, BAG'S COM A ALÇA CURTA QUE PODERÁ IMPÁCTAR NO TEMPO DE LINGADA.,,nan,Não,Sim
Publico,323732786,01/02/2024,Não,Não,Não,,Não,Não,Não,Não,Não,Não,Não,Não,Não,Não,Não,Não,Não,Não,Não,Não,Não,Não,Não,Não,Não,Não,Não,Não,Não,Não,Não,Não,Não,Não,Não,nan,nan, PARECER FISCALIZAÇÃO Peso não conforme (dentro do Rancho outras não conformidades dimensionamento), Peso não conforme (dentro do Rancho outras não conformidades dimensionamento) RT do material não programada Dados divergentes/Faltantes,OT20 SN H550,Não,Sim
Privado,323679591,01/02/2024,Não,Não,Não,,Não,Não,Não,Não,Não,Não,Não,Não,Não,Não,Não,Não,Não,Não,Não,Não,Não,Não,Não,Não,Não,Não,Não,Não,Não,Não,Não,Não,Não,Não,Grave,CAÇAMBA 0928,CAÇAMBA 0928, PARECER FISCALIZAÇÃO Peso não conforme (dentro do Rancho outras não conformidades dimensionamento), Peso não conforme (dentro do Rancho outras não conformidades dimensionamento) RT do material não programada Dados divergentes/Faltantes,CONT BRZU 2000806,Não,Sim
Publico,323637574,01/02/2024,Não,Sim,Não,Backload,Não,Não,Não,Não,Não,Não,Não,Não,Não,Moderada,Não,Não,Não,Não,Não,Não,Não,Não,Não,Não,Não,Não,Não,Não,Não,Não,Não,Não,Não,Não,Não,STARNAVE CETAURUS,nan, MATERIAL DESEMBARCOU SEM LACRE. MATERIAL SE ENCONTRA COM LACRE TRIUNFO (000740),,nan,Não,Sim
Publico,323729693,01/02/2024,Não,Não,Sim,Backload,Não,Não,Não,Não,Não,Não,Não,Não,Não,Não,Não,Não,Não,Não,Não,Não,Não,Não,Grave,Não,Não,Não,Não,Não,Não,Não,Não,Não,Não,Não,Não,CBO COPACABANA,nan," DURANTE A DESCIDA DA CESTA MLTU 150051-9, NO COSTADO (BERÇO 01), A CESTA DESCEU SOBRE A GRADE DO SKID SU-7505.", ENVIAR INFORME E NOTIFICAR AO FORNECEDOR SOBRE A AVARIA,nan,Não,Sim
Privado,323684712,01/02/2024,Não,Não,Não,,Não,Não,Não,Não,Não,Não,Não,Não,Não,Não,Não,Não,Não,Não,Não,Não,Não,Não,Não,Não,Não,Não,Não,Não,Não,Não,Não,Não,Não,Não,Não,LARUS EMBALAGEM: TIPO DE EQUIP:,nan, CONTENTOR ESTÁ SEM A PLAQUETA DA ESLINGA INFORMANDO A VALIDADE PARECER FISCALIZAÇÃO CIENTE Peso não conforme (dentro do, CIENTE Peso não conforme (dentro do Dados divergentes/Faltantes Contentor/Equip. a vencer (LOAD),nan,Não,Sim
Publico,323826766,01/02/2024,Não,Não,Não,,Não,Não,Não,Não,Não,Não,Não,Não,Não,Não,Não,Não,Não,Não,Não,Não,Não,Não,Não,Não,Não,Não,Não,Não,Não,Não,Não,Não,Não,Não,Não,BRAM BREEZE EMBALAGEM: N/A TIPO DE EQUIP:,nan, PARECER FISCALIZAÇÃO Favor não receber o material Peso não conforme (dentro do Rancho outras não conformidades, Favor não receber o material Peso não conforme (dentro do Rancho outras não conformidades dimensionamento),TUBO REV 110 S/C 18,Não,Sim
Publico,323716285,01/02/2024,Não,Não,Não,Recebimento,Não,Não,Não,Não,Não,Não,Não,Não,Não,Não,Não,Não,Não,Não,Não,Não,Não,Não,Não,Não,Não,Não,Não,Não,Não,Não,Não,Não,Não,Não,Não,,,, Peso não conforme (dentro do Rancho outras não conformidades RT do material não programada Dados divergentes/Faltantes Material faltando etiqueda de identificação Contentor/Equip. a vencer (LOAD) Material faltando ficha de emergência Lacre faltante / Danificado / Divergente,nan,Não,Sim
Publico,323716286,01/02/2024,Não,Não,Não,Recebimento,Não,Não,Não,Não,Não,Não,Não,Não,Não,Não,Não,Não,Não,Não,Não,Não,Não,Não,Não,Não,Não,Não,Não,Não,Não,Não,Não,Não,Não,Não,Não,,,, Peso não conforme (dentro do Rancho outras não conformidades RT do material não programada Dados divergentes/Faltantes Material faltando etiqueda de identificação Contentor/Equip. a vencer (LOAD) Material faltando ficha de emergência Lacre faltante / Danificado / Divergente,nan,Não,Sim
Privado,323731366,01/02/2024,Não,Não,Não,Recebimento,Não,Não,Não,Não,Não,Não,Não,Não,Não,Não,Não,Não,Não,Não,Não,Não,Não,Não,Não,Não,Não,Não,Não,Não,Não,Não,Não,Não,Não,Não,Não,,,, Peso não conforme (dentro do Dados divergentes/Faltantes Contentor/Equip. a vencer (LOAD),NA,Não,Sim
Publico,323708787,01/02/2024,Não,Não,Não,,Não,Não,Não,Não,Não,Não,Não,Não,Não,Não,Não,Não,Não,Não,Não,Não,Não,Não,Não,Não,Não,Não,Não,Não,Não,Não,Não,Não,Não,Não,Não,,,," FISCALIZAÇÃO SOLICITA A RECUSA DA CARGA, DEVIDO A DIVERGÊNCIA. Peso não conforme (dentro do Rancho outras não conformidades dimensionamento) RT do material não programada Dados divergentes/Faltantes Material faltando etiqueda de identificação Contentor/Equip. a vencer (LOAD)",NA,Não,Sim
Publico,323749345,01/02/2024,Não,Não,Não,,Não,Não,Não,Não,Não,Não,Não,Não,Não,Não,Não,Não,Não,Não,Não,Não,Não,Não,Não,Não,Não,Não,Não,Não,Não,Não,Não,Não,Não,Não,Não,nan,nan, PARECER FISCALIZAÇÃO Peso não conforme (dentro do Rancho outras não conformidades dimensionamento), Peso não conforme (dentro do Rancho outras não conformidades dimensionamento) RT do material não programada Dados divergentes/Faltantes Material faltando etiqueda de identificação Contentor/Equip. a vencer (LOAD),nan,Não,Sim
Publico,323723785,01/02/2024,Não,Não,Não,Recebimento,Não,Não,Não,Não,Não,Não,Não,Não,Não,Não,Não,Não,Não,Não,Não,Não,Não,Não,Não,Não,Não,Não,Não,Não,Não,Não,Não,Não,Não,Não,Não,nan,nan, MATERIAL DESEMBARCOU COM A MACANETA QUEBRADA PARECER FISCALIZAÇÃO Peso não conforme (dentro do Rancho outras não conformidades dimensionamento), Peso não conforme (dentro do Rancho outras não conformidades dimensionamento) RT do material não programada Dados divergentes/Faltantes,nan,Não,Sim
Publico,323652568,01/02/2024,Não,Não,Não,Backload,Não,Não,Não,Não,Não,Não,Não,Não,Não,Não,Não,Não,Não,Não,Não,Não,Não,Não,Não,Não,Não,Não,Não,Não,Não,Não,Não,Não,Não,Grave,Não,BRAM HERO,nan, MATERIAL SEM PLAQUETA DE IDENTIFICAÇÃO DA ESLINGA,,nan,Não,Sim
Publico,323645035,01/02/2024,Não,Sim,Não,Backload,Não,Não,Não,Não,Não,Não,Não,Não,Não,Moderada,Não,Não,Não,Não,Não,Não,Não,Não,Não,Não,Não,Não,Não,Não,Não,Não,Não,Não,Não,Não,Não,STARNAVE CETAURUS,nan, MATERIAL DESEMBARCOU SEM LACRE. MATERIAL SE ENCONTRA COM LACRE TRIUNFO (000711),,nan,Não,Sim
Publico,508659851,01/02/2024,Não,Não,Não,Recebimento,Não,Não,Não,Não,Não,Não,Não,Não,Não,Não,Não,Não,Não,Não,Não,Não,Não,Não,Não,Não,Não,Não,Não,Não,Não,Não,Grave,Não,Não,Não,Não,,,, o container trata-se de extensão de convés Peso não conforme (dentro do Dados divergentes/Faltantes Contentor/Equip. a vencer (LOAD),nan,Não,Sim
Publico,323722358,01/02/2024,Não,Não,Não,,Não,Não,Não,Não,Não,Não,Não,Não,Não,Não,Não,Não,Não,Não,Não,Não,Não,Não,Não,Não,Não,Não,Não,Não,Não,Não,Não,Não,Não,Não,Não,nan,nan, CONTENTOR COM VAZAMENTO PARECER FISCALIZAÇÃO MITIGAR O LOCAL E COLOCAR O CONTENTOR NA CESTA DE CONTENÇÃO. Peso não conforme (dentro do dimensionamento), MITIGAR O LOCAL E COLOCAR O CONTENTOR NA CESTA DE CONTENÇÃO. Peso não conforme (dentro do dimensionamento) Dados divergentes/Faltantes,nan,Não,Sim
Privado,323759229,2024-02-01 00:00:00,Não,Sim,Não,,Não,Não,Não,Não,Não,Não,Não,Não,Moderada,Não,Não,Não,Não,Não,Não,Não,Não,Não,Não,Não,Não,Não,Não,Não,Não,Não,Não,Não,Não,Não,Não,"PINGUI,",CONT MLTU 2905363, Eslinga com comprimento fora do padrão .,,nan,Não,Não
Privado,323806944,2024-02-20 00:00:00,Não,Não,Sim,Recebimento,Não,Não,Não,Não,Não,Não,Não,Não,Não,Não,Não,Não,Não,Não,Não,Não,Não,Não,Não,Não,Não,Não,Não,Não,Não,Não,Não,Não,Não,Não,Grave,STARNAV CIRCINUS,SKID," MATERIAL FORA DO PADRÃO. MATERIAL ENCONTRA-SE COM A APEAÇÃO INCORRETA, PROPORCIONANDO RISCO NO MOMENTO DA MOVIMENTAÇÃO.",,nan,Sim,Não
Privado,323811394,2024-02-20 00:00:00,Não,Não,Sim,Backload,Não,Não,Não,Não,Não,Não,Não,Não,Não,Não,Não,Não,Não,Não,Não,Não,Não,Não,Não,Não,Não,Não,Não,Não,Não,Não,Não,Não,Não,Não,Grave,CBO OCEANA,SKID CISA," MATERIAL FORA DO PADRÃO. O MESMO ENCONTRA-SE MAL APEADO, O MESMO RETORNOU PARA EMBARCAÇÃO.",,nan,Sim,Não
Privado,323720525.5,2024-01-23 00:00:00,Não,Não,Sim,,Não,Não,Não,Não,Não,Não,Não,Não,Não,Não,Não,Não,Não,Não,Não,Não,Não,Não,Não,Não,Não,Não,Não,Não,Não,Não,Não,Não,Não,Não,Não,CBO OCEANA,CAIXA METALICA , CONTENTOR DESEMBARCOU COM A TAMPA AVARIADA,,nan,Não,Não
Privado,323701975 - ITEM 1.1,2024-02-13 00:00:00,Não,Sim,Não,Backload,Não,Não,Não,Não,Não,Não,Não,Não,Não,Não,Não,Moderada,Não,Não,Não,Não,Não,Não,Não,Não,Não,Não,Não,Não,Não,Não,Não,Não,Não,Não,Não,CAMPOS CARRIER,TANQUE, MATERIAL DESEMBARCOU SEM PLAQUETA DA ESLINGA,,nan,Não,Não
Privado,323822200 - 1/2,2024-02-20 00:00:00,Não,Não,Sim,Backload,Não,Não,Não,Não,Não,Não,Não,Não,Não,Não,Não,Não,Não,Não,Não,Não,Não,Não,Grave,Não,Não,Não,Não,Não,Não,Não,Não,Não,Não,Não,Não,CBO OCEANA,CONTAINER, MATERIAL DESEMBARCOU COM AVARIA NA LATERAL,,nan,Não,Não
Privado,323690798,2024-01-16 00:00:00,Não,Não,Sim,Load,Não,Não,Não,Não,Não,Não,Não,Não,Não,Não,Não,Não,Não,Não,Não,Não,Não,Não,Não,Não,Grave,Não,Não,Não,Não,Não,Não,Não,Não,Não,Não,,SKID, CILINDROS APEADOS INCORRETAMENTE ,,nan,Sim,Não
Privado,323805273/1,2024-02-16 00:00:00,Não,Não,Sim,Backload,Não,Não,Não,Não,Não,Não,Não,Não,Não,Não,Não,Não,Não,Não,Não,Não,Não,Não,Não,Não,Não,Não,Não,Não,Não,Não,Não,Não,Não,Grave,Não,PETREL,CONTAINER, MATERIAL SEM PLAQUETA,,nan,Não,Não
Privado,323456877 (04/02),2023-11-09 00:00:00,Não,Não,Sim,Backload,Não,Não,Não,Não,Não,Não,Não,Não,Não,Não,Não,Não,Não,Não,Não,Não,Não,Não,Não,Não,Grave,Não,Não,Não,Não,Não,Não,Não,Não,Não,Grave,,," CARGA NÃO CONFORME, APRESENTA AS PORTAS DO GERADOR SEM TRAVAMENTO. AMARRADAS COM BARBANTE.",,nan,Não,Não
Privado,323768132   6/2,2024-02-05 00:00:00,Não,Não,Sim,Backload,Não,Não,Não,Não,Não,Não,Não,Não,Não,Não,Não,Não,Não,Não,Não,Não,Não,Não,Grave,Não,Não,Não,Não,Não,Não,Não,Não,Não,Não,Não,Não,GNL 1008,CONTAINER, MATERIAL DESEMBARCOU COM  FERRO LATERAL SOLTANDO		,,nan,Não,Não
Privado,323456877 (04/02),2023-11-09 00:00:00,Não,Não,Sim,Backload,Não,Não,Não,Não,Não,Não,Não,Não,Não,Não,Não,Não,Não,Não,Não,Não,Não,Não,Não,Não,Grave,Não,Não,Não,Não,Não,Não,Não,Não,Não,Grave,,," CARGA NÃO CONFORME, APRESENTA AS PORTAS DO GERADOR SEM TRAVAMENTO. AMARRADAS COM BARBANTE.",,nan,Não,Não
Privado,323759236,2024-02-01 00:00:00,Não,Sim,Não,,Não,Não,Não,Não,Não,Não,Não,Não,Moderada,Não,Não,Não,Não,Não,Não,Não,Não,Não,Não,Não,Não,Não,Não,Não,Não,Não,Não,Não,Não,Não,Não,"PINGUI,",CONT MLTU 2905363, Eslinga com comprimento fora do padrão .,,nan,Não,Não
Privado,323806875,2024-02-20 00:00:00,Não,Não,Sim,Backload,Não,Não,Não,Não,Não,Não,Não,Não,Não,Não,Não,Não,Não,Não,Não,Não,Não,Não,Não,Não,Não,Não,Não,Não,Não,Não,Não,Não,Não,Não,Grave,CBO OCEANA,SKID CISA," MATERIAL FORA DO PADRÃO. O MESMO ENCONTRA-SE MAL APEADO, O MESMO RETORNOU PARA EMBARCAÇÃO.",,nan,Sim,Não
Privado,323734786 - 1/2,2024-02-04 00:00:00,Não,Não,Sim,Backload,Não,Não,Não,Não,Não,Não,Não,Não,Não,Não,Não,Não,Não,Não,Não,Não,Não,Não,Não,Não,Não,Não,Não,Não,Não,Não,Não,Não,Não,Não,Grave,CIRCINUS,CAIXA DE MADEIRA," CAIXA DE MADEIRA NÃO VEIO A BORDO, OS CONTEÚDOS VIERAM DENTRO DE UM BAG CONFORME FOTOS ABAIXO",,nan,Não,Não
Privado,323663359,2024-01-15 00:00:00,Não,Não,Não,Load,Não,Não,Não,Não,Não,Não,Não,Não,Não,Não,Não,Não,Moderada,Não,Não,Não,Não,Não,Não,Não,Não,Não,Não,Não,Não,Não,Não,Não,Não,Não,Não,PINGUIM,CESTA," PODEMOS IDENTIFICAR QUE A CESTA ESTÁ COM A ESLINGA POR DENTRO, O QUE IMPOSSIBILITOU O DESCARREGAMENTO. ",,nan,Não,Não
Privado,323572411  2 / 1,2023-12-14 00:00:00,Não,Sim,Não,Recebimento,Não,Não,Não,Não,Não,Não,Não,Não,Não,Não,Não,Não,Não,Não,Não,Não,Não,Não,Não,Não,Não,Não,Não,Não,Não,Não,Não,Não,Não,Não,Não,,UNIDADE SLIKLINE, PORTÃO NÃO ESTÁ FECHANDO,,nan,Não,Não
Privado,323734786 - 1/2,2024-02-04 00:00:00,Não,Não,Sim,Backload,Não,Não,Não,Não,Não,Não,Não,Não,Não,Não,Não,Não,Não,Não,Não,Não,Não,Não,Não,Não,Não,Não,Não,Não,Não,Não,Não,Não,Não,Não,Grave,CIRCINUS,CAIXA DE MADEIRA," CAIXA DE MADEIRA NÃO VEIO A BORDO, OS CONTEÚDOS VIERAM DENTRO DE UM BAG CONFORME FOTOS ABAIXO",,nan,Não,Não
Privado,323755111   1/1  ,2024-02-05 00:00:00,Não,Não,Sim,Backload,Não,Não,Não,Não,Não,Não,Não,Não,Não,Não,Não,Não,Não,Não,Não,Não,Não,Não,Não,Não,Grave,Não,Não,Não,Não,Não,Não,Não,Não,Não,Não,FULMAR,CESTA, MATERIAL DESEMBARCOU COM  CONTEÚDOS  DE DENTRO SOLTOS 					,,nan,Não,Não
Privado,3237411385 1;1,2024-01-25 00:00:00,Não,Não,Sim,Load,Não,Não,Não,Não,Não,Não,Não,Não,Não,Não,Não,Não,Não,Não,Não,Não,Não,Não,Não,Grave,Não,Não,Não,Não,Não,Não,Não,Não,Não,Não,Não,,CONTAINER, ESLINGA SEM PLAQUETA ,,nan,Não,Não
Privado,323747246  1/1  ,2024-02-05 00:00:00,Não,Não,Sim,Backload,Não,Não,Não,Não,Não,Não,Não,Não,Não,Não,Não,Não,Não,Não,Não,Não,Não,Não,Grave,Não,Não,Não,Não,Não,Não,Não,Não,Não,Não,Não,Não,GNL 1008,CAIXA METALICA, MATERIAL COM TAMPA DANIFICADA E CONTEUDO DE DENTRO EXPOSTO	,,nan,Não,Não
Privado,323701975 - ITEM 1.1,2024-02-13 00:00:00,Não,Sim,Não,Backload,Não,Não,Não,Não,Não,Não,Não,Não,Não,Não,Não,Moderada,Não,Não,Não,Não,Não,Não,Não,Não,Não,Não,Não,Não,Não,Não,Não,Não,Não,Não,Não,CAMPOS CARRIER,TANQUE, MATERIAL DESEMBARCOU SEM PLAQUETA DA ESLINGA,,nan,Não,Não
Privado,323722012 - 1/3,2024-01-27 00:00:00,Não,Não,Sim,Recebimento,Não,Não,Não,Não,Não,Não,Não,Não,Não,Não,Não,Não,Não,Não,Não,Não,Não,Não,Não,Não,Não,Não,Não,Não,Não,Não,Não,Não,Não,Não,Grave,,CONT NHJU, MATERIAL PARA DESCARREGAMENTO COM A DESCRIÇÃO DIVERGENTE - DOCUMENTO E FÍSICO,,nan,Não,Não
Privado,323804979,2024-02-20 00:00:00,Não,Não,Sim,Backload,Não,Não,Não,Não,Não,Não,Não,Não,Não,Não,Não,Não,Não,Não,Não,Não,Não,Não,Não,Não,Não,Não,Não,Não,Não,Não,Não,Não,Não,Não,Grave,STARNAV CIRCINUS,CONT.SODEXO, MATERIAL FORA DO PADRÃO. O MESMO ENCONTRA-SE SEM A PLAQUETA DA ESLINGA.,,nan,Não,Não
Privado,323747246  1/1  ,2024-02-05 00:00:00,Não,Não,Sim,Backload,Não,Não,Não,Não,Não,Não,Não,Não,Não,Não,Não,Não,Não,Não,Não,Não,Não,Não,Grave,Não,Não,Não,Não,Não,Não,Não,Não,Não,Não,Não,Não,GNL 1008,CAIXA METALICA, MATERIAL COM TAMPA DANIFICADA E CONTEUDO DE DENTRO EXPOSTO	,,nan,Não,Não
Privado,323754022 - 2/2,2024-02-09 00:00:00,Não,Não,Sim,Backload,Não,Não,Não,Não,Não,Não,Não,Não,Não,Não,Não,Não,Não,Não,Não,Não,Não,Não,Grave,Não,Não,Não,Não,Não,Não,Não,Não,Não,Não,Não,Não,PINGUIM,CONTAINER, MATERIAL DESEMBARCOU COM A BARRA DE PROTEÇÃO AVARIADA,,nan,Não,Não
Privado,323403461 1.2,2023-11-01 00:00:00,Não,Não,Não,Backload,Não,Não,Não,Não,Não,Não,Não,Não,Não,Não,Não,Não,Não,Não,Não,Não,Não,Não,Não,Não,Grave,Não,Não,Não,Não,Não,Não,Não,Não,Não,Não,STARNAV TAURUS,SKID CISA , MATERIAL FORA DO PADRÃO. MATERIAL ENCONTRA-SE COM CILINDROS MAL APEADOS.,,nan,Sim,Não
Privado,323403461 1.2,2023-11-01 00:00:00,Não,Não,Não,Backload,Não,Não,Não,Não,Não,Não,Não,Não,Não,Não,Não,Não,Não,Não,Não,Não,Não,Não,Não,Não,Grave,Não,Não,Não,Não,Não,Não,Não,Não,Não,Não,STARNAV TAURUS,SKID CISA , MATERIAL FORA DO PADRÃO. MATERIAL ENCONTRA-SE COM CILINDROS MAL APEADOS.,,nan,Sim,Não
Privado,323805273/1,2024-02-16 00:00:00,Não,Não,Sim,Backload,Não,Não,Não,Não,Não,Não,Não,Não,Não,Não,Não,Não,Não,Não,Não,Não,Não,Não,Não,Não,Não,Não,Não,Não,Não,Não,Não,Não,Não,Grave,Não,PETREL,CONTAINER, MATERIAL SEM PLAQUETA,,nan,Não,Não
Privado,323808878,2024-02-20 00:00:00,Não,Sim,Não,Backload,Não,Não,Não,Não,Não,Não,Não,Não,Não,Não,Moderada,Não,Não,Não,Não,Não,Não,Não,Não,Não,Não,Não,Não,Não,Não,Não,Não,Não,Não,Não,Não,STARNAV CIRCINUS,CAMARA CH , MATERIAL FORA DO PADRÃO. O MESMO ENCONTRA-SE COM A CHAPA AMASSADA.,,nan,Não,Não
Privado,323836489/1,2024-02-23 00:00:00,Sim,Não,Não,Recebimento,Não,Não,Não,Leve,Não,Não,Não,Não,Não,Não,Não,Não,Não,Não,Não,Não,Não,Não,Não,Não,Não,Não,Não,Não,Não,Não,Não,Não,Não,Não,Não,STARNAV PHOENIX,CAIXA," MATERIAL DIVERGENTE DO FISICO. NO AGENDAMENTO MATERIAL A SER RECEBIDO É CAIXA 0420216, POREM TROUXERAM UMA CESTA 0871216",,nan,Não,Não
Privado,323409056 (02/02),2023-11-09 00:00:00,Não,Não,Sim,Backload,Não,Não,Não,Não,Não,Não,Não,Não,Não,Não,Não,Não,Não,Não,Não,Não,Não,Não,Não,Não,Não,Não,Não,Não,Não,Não,Não,Grave,Não,Não,Não,,, MATERIAL COM ESLINGA VENCIDA (10/10/2023),,nan,Não,Não
Privado,323822200 - 1/2,2024-02-20 00:00:00,Não,Não,Sim,Backload,Não,Não,Não,Não,Não,Não,Não,Não,Não,Não,Não,Não,Não,Não,Não,Não,Não,Não,Grave,Não,Não,Não,Não,Não,Não,Não,Não,Não,Não,Não,Não,CBO OCEANA,CONTAINER, MATERIAL DESEMBARCOU COM AVARIA NA LATERAL,,nan,Não,Não
Privado,323683746,2024-01-17 00:00:00,Sim,Não,Não,Recebimento,Não,Não,Não,Leve,Não,Não,Não,Não,Não,Não,Não,Não,Não,Não,Não,Não,Não,Não,Não,Não,Não,Não,Não,Não,Não,Não,Não,Não,Não,Não,Não,,CONTAINER, DESCRIÇÃO ESTÁ DIVERGENTE ENTRE RT E FÍSICO SEGUE IMAGENS ABAIXO,,nan,Não,Não
Privado,323722012 - 1/3,2024-01-27 00:00:00,Não,Não,Sim,Recebimento,Não,Não,Não,Não,Não,Não,Não,Não,Não,Não,Não,Não,Não,Não,Não,Não,Não,Não,Não,Não,Não,Não,Não,Não,Não,Não,Não,Não,Não,Não,Grave,,CONT NHJU, MATERIAL PARA DESCARREGAMENTO COM A DESCRIÇÃO DIVERGENTE - DOCUMENTO E FÍSICO,,nan,Não,Não
Privado,323754022 - 2/2,2024-02-09 00:00:00,Não,Não,Sim,Backload,Não,Não,Não,Não,Não,Não,Não,Não,Não,Não,Não,Não,Não,Não,Não,Não,Não,Não,Grave,Não,Não,Não,Não,Não,Não,Não,Não,Não,Não,Não,Não,PINGUIM,CONTAINER, MATERIAL DESEMBARCOU COM A BARRA DE PROTEÇÃO AVARIADA,,nan,Não,Não
Privado,323403461 1.2,2023-11-01 00:00:00,Não,Não,Não,Backload,Não,Não,Não,Não,Não,Não,Não,Não,Não,Não,Não,Não,Não,Não,Não,Não,Não,Não,Não,Não,Grave,Não,Não,Não,Não,Não,Não,Não,Não,Não,Não,STARNAV TAURUS,SKID CISA , MATERIAL FORA DO PADRÃO. MATERIAL ENCONTRA-SE COM CILINDROS MAL APEADOS.,,nan,Sim,Não
Privado,323770413/1,07.02.2024,Não,Não,Sim,Backload,Não,Não,Não,Não,Não,Não,Não,Não,Não,Não,Não,Não,Não,Não,Não,Não,Não,Não,Não,Não,Não,Não,Não,Não,Não,Grave,Não,Não,Não,Não,Não,BRAM BRASIL,CESTA, MATERIAL (TAMBORES DE OLEO) DENTRO DA CESTA VAZANDO,,nan,Não,Não
Privado,323836489/1,2024-02-23 00:00:00,Sim,Não,Não,Recebimento,Não,Não,Não,Leve,Não,Não,Não,Não,Não,Não,Não,Não,Não,Não,Não,Não,Não,Não,Não,Não,Não,Não,Não,Não,Não,Não,Não,Não,Não,Não,Não,STARNAV PHOENIX,CAIXA," MATERIAL DIVERGENTE DO FISICO. NO AGENDAMENTO MATERIAL A SER RECEBIDO É CAIXA 0420216, POREM TROUXERAM UMA CESTA 0871216",,nan,Não,Não
Privado,323720525.5,2024-01-23 00:00:00,Não,Não,Sim,,Não,Não,Não,Não,Não,Não,Não,Não,Não,Não,Não,Não,Não,Não,Não,Não,Não,Não,Não,Não,Não,Não,Não,Não,Não,Não,Não,Não,Não,Não,Não,CBO OCEANA,CAIXA METALICA , CONTENTOR DESEMBARCOU COM A TAMPA AVARIADA,,nan,Não,Não
Privado,323763869/7,06.02.2024,Não,Sim,Não,Backload,Não,Não,Não,Não,Não,Não,Não,Não,Moderada,Não,Não,Não,Não,Não,Não,Não,Não,Não,Não,Não,Não,Não,Não,Não,Não,Não,Não,Não,Não,Não,Não,CAMPOS CARRIER,CAÇAMBA, ESLINGA COM COMPRIMENTO FORA DO PADRÃO,,nan,Não,Não
Privado,323768132   6/2,2024-02-05 00:00:00,Não,Não,Sim,Backload,Não,Não,Não,Não,Não,Não,Não,Não,Não,Não,Não,Não,Não,Não,Não,Não,Não,Não,Grave,Não,Não,Não,Não,Não,Não,Não,Não,Não,Não,Não,Não,GNL 1008,CONTAINER, MATERIAL DESEMBARCOU COM  FERRO LATERAL SOLTANDO		,,nan,Não,Não
Privado,323763869/7,06.02.2024,Não,Sim,Não,Backload,Não,Não,Não,Não,Não,Não,Não,Não,Moderada,Não,Não,Não,Não,Não,Não,Não,Não,Não,Não,Não,Não,Não,Não,Não,Não,Não,Não,Não,Não,Não,Não,CAMPOS CARRIER,CAÇAMBA, ESLINGA COM COMPRIMENTO FORA DO PADRÃO,,nan,Não,Não
Privado,3237411385 1;1,2024-01-25 00:00:00,Não,Não,Sim,Load,Não,Não,Não,Não,Não,Não,Não,Não,Não,Não,Não,Não,Não,Não,Não,Não,Não,Não,Não,Grave,Não,Não,Não,Não,Não,Não,Não,Não,Não,Não,Não,,CONTAINER, ESLINGA SEM PLAQUETA ,,nan,Não,Não
Privado,323770413/1,07.02.2024,Não,Não,Sim,Backload,Não,Não,Não,Não,Não,Não,Não,Não,Não,Não,Não,Não,Não,Não,Não,Não,Não,Não,Não,Não,Não,Não,Não,Não,Não,Grave,Não,Não,Não,Não,Não,BRAM BRASIL,CESTA, MATERIAL (TAMBORES DE OLEO) DENTRO DA CESTA VAZANDO,,nan,Não,Não
Privado,323775392 - 2/1,2024-02-06 00:00:00,Não,Não,Sim,Recebimento,Não,Não,Não,Não,Não,Não,Não,Não,Não,Não,Não,Não,Não,Não,Não,Não,Não,Não,Não,Não,Não,Não,Não,Não,Não,Não,Não,Não,Não,Não,Grave,,CONTAINER, MATERIAL PARA DESCARREGAMENTO COM A PROBLEMA NO PAINEL E DIFICULDADE EM ARMAR QUANDO LIGADO,,nan,Não,Não
Privado,323775392 - 2/1,2024-02-06 00:00:00,Não,Não,Sim,Recebimento,Não,Não,Não,Não,Não,Não,Não,Não,Não,Não,Não,Não,Não,Não,Não,Não,Não,Não,Não,Não,Não,Não,Não,Não,Não,Não,Não,Não,Não,Não,Grave,,CONTAINER, MATERIAL PARA DESCARREGAMENTO COM A PROBLEMA NO PAINEL E DIFICULDADE EM ARMAR QUANDO LIGADO,,nan,Não,Não
Privado,323409056 (02/02),2023-11-09 00:00:00,Não,Não,Sim,Backload,Não,Não,Não,Não,Não,Não,Não,Não,Não,Não,Não,Não,Não,Não,Não,Não,Não,Não,Não,Não,Não,Não,Não,Não,Não,Não,Não,Grave,Não,Não,Não,,, MATERIAL COM ESLINGA VENCIDA (10/10/2023),,nan,Não,Não
Privado,323409384 - ITEM 1.1,2023-10-27 00:00:00,Não,Sim,Não,Recebimento,Não,Não,Não,Não,Não,Não,Não,Não,Não,Moderada,Não,Não,Não,Não,Não,Não,Não,Não,Não,Não,Não,Não,Não,Não,Não,Não,Não,Não,Não,Não,Não,,CONTAINER OOGTK - 100FC-007, MATERIAL FORA DO PADRÃO. MATERIAL ENCONTRA-SE COM A MAÇANETA DA PORTA AMASSADA.,,nan,Não,Não
Privado,323572411  2 / 1,2023-12-14 00:00:00,Não,Sim,Não,Recebimento,Não,Não,Não,Não,Não,Não,Não,Não,Não,Não,Não,Não,Não,Não,Não,Não,Não,Não,Não,Não,Não,Não,Não,Não,Não,Não,Não,Não,Não,Não,Não,,UNIDADE SLIKLINE, PORTÃO NÃO ESTÁ FECHANDO,,nan,Não,Não
Privado,323409384 - ITEM 1.1,2023-10-27 00:00:00,Não,Sim,Não,Recebimento,Não,Não,Não,Não,Não,Não,Não,Não,Não,Moderada,Não,Não,Não,Não,Não,Não,Não,Não,Não,Não,Não,Não,Não,Não,Não,Não,Não,Não,Não,Não,Não,,CONTAINER OOGTK - 100FC-007, MATERIAL FORA DO PADRÃO. MATERIAL ENCONTRA-SE COM A MAÇANETA DA PORTA AMASSADA.,,nan,Não,Não
Privado,323755111   1/1  ,2024-02-05 00:00:00,Não,Não,Sim,Backload,Não,Não,Não,Não,Não,Não,Não,Não,Não,Não,Não,Não,Não,Não,Não,Não,Não,Não,Não,Não,Grave,Não,Não,Não,Não,Não,Não,Não,Não,Não,Não,FULMAR,CESTA, MATERIAL DESEMBARCOU COM  CONTEÚDOS  DE DENTRO SOLTOS 					,,nan,Não,Não
Publico,323723695  9/1,2024-01-25 00:00:00,Não,Não,Sim,Recebimento,Não,Não,Não,Não,Não,Não,Não,Não,Não,Não,Não,Não,Não,Não,Não,Não,Não,Não,Não,Não,Não,Não,Não,Não,Não,Não,Não,Não,Não,Não,Grave,,,,,,Não,Não
Publico,323742277 - 01/01,2024-01-27 00:00:00,Não,Não,Sim,Recebimento,Não,Não,Não,Não,Não,Não,Não,Não,Não,Não,Não,Não,Não,Não,Não,Não,Não,Não,Não,Não,Não,Não,Não,Não,Não,Não,Não,Não,Não,Não,Não,BRAM BOA VISTA,CESTA," A validade da certificação das eslingas e contentores é de 12 meses, sendo que o prazo para autorização de embarque deve ser superior a 60 dias do vencimento. Quando o prazo de vencimento da certificação da eslinga ou do contentor (para embarque, reembarque, transbordo) for igual ou inferior a 60 dias, a carga não deve ser embarcada e o responsável pelo equipamento deve ser informado, a fim de providenciar a substituição da eslinga ou do contentor, ou a sua recertificação. Eslinga com prazo de vencimento para o dia 03/01/2024.",,nan,Não,Não
Publico,323702195.5,2024-01-24 00:00:00,Não,Não,Não,,Não,Não,Não,Não,Não,Não,Não,Não,Não,Não,Não,Não,Não,Não,Não,Não,Não,Não,Não,Não,Não,Não,Não,Não,Não,Não,Não,Não,Não,Não,Não,ORYX,Container , Eslinga fora do padrão!,,nan,Não,Não
Publico,323738343  11/2,2024-01-29 00:00:00,Não,Sim,Não,Backload,Não,Não,Não,Não,Não,Não,Não,Não,Não,Não,Moderada,Não,Não,Não,Não,Não,Não,Não,Não,Não,Não,Não,Não,Não,Não,Não,Não,Não,Não,Não,Não,BARM BOA VISTA,SKID , MATERIAL SEM CONTRA PINO,,nan,Não,Não
Publico,323749510,2024-01-29 00:00:00,Não,Sim,Não,Recebimento,Não,Não,Não,Não,Não,Não,Não,Não,Não,Não,Não,Moderada,Não,Não,Não,Não,Não,Não,Não,Não,Não,Não,Não,Não,Não,Não,Não,Não,Não,Não,Não,SOBUZ2,CESTA, DIMENSÃO DO CONTENTOR DIVERGENTE NO FÍSICO. A CESTA CONTÉM 21M E NA RT CONSTA 14M.,,nan,Não,Não
Publico,323709600 - 1/1 ,2024-01-22 00:00:00,Não,Não,Sim,,Não,Não,Não,Não,Não,Não,Não,Não,Não,Não,Não,Não,Não,Não,Não,Não,Não,Não,Não,Não,Não,Não,Não,Não,Não,Não,Não,Grave,Não,Não,Não,,CESTA MET, APÓS VERIFICAÇÃO NA AREA IDENTIFICOU-SE A ESLINGA FORA DA VALIDADE  22/01/2024 LON2,,nan,Não,Não
Publico,EXTENSÃO DE CONVÉS,23/012024,Não,Não,Sim,Backload,Não,Não,Não,Não,Não,Não,Não,Não,Não,Não,Não,Não,Não,Não,Não,Não,Não,Não,Não,Não,Não,Não,Não,Não,Não,Não,Não,Grave,Não,Não,Não,CBO CAROLINA,TANQUE 13176-7, CARGA DE TRANSBORDO DESEMBARCOU COM A ESLINGA VENCIDA: VÁLIDADE: 12/12/2023,,nan,Não,Não
Publico,323852912/1,2024-03-10 00:00:00,Não,Não,Sim,Backload,Não,Não,Não,Não,Não,Não,Não,Não,Não,Não,Não,Não,Não,Não,Não,Não,Não,Não,Não,Não,Não,Não,Não,Não,Não,Não,Não,Não,Não,Não,Grave,CBO CAROLINA,TANQUE, MATERIAL SEM CONTRA PINO,,nan,Não,Não
Publico,323722670-1/1,2024-01-23 00:00:00,Não,Não,Sim,Recebimento,Não,Não,Não,Não,Não,Não,Não,Não,Não,Não,Não,Não,Não,Não,Não,Não,Não,Não,Grave,Não,Não,Não,Não,Não,Não,Não,Não,Não,Não,Não,Não,,,,,,Não,Não
Publico,,2024-01-26 00:00:00,Não,Sim,Não,Recebimento,Não,Não,Não,Não,Não,Não,Não,Não,Moderada,Não,Não,Não,Não,Não,Não,Não,Não,Não,Não,Não,Não,Não,Não,Não,Não,Não,Não,Não,Não,Não,Não,,CONTAINER," ESLINGA ULTRAPASSANDO A BOLSA DOS CONTAINERS FORA DO PADRÃO BR, CONFORME PE-2LEP-00144.",,nan,Não,Não
